step,t_si,Fx,Fy,Fz,CA,CN
500,0.194502,0,0,0,0,0
1000,0.389004,0.0176935,3.94836e-05,-0.000280397,0.0144777,-3.23073e-05
1500,0.583507,0.0889154,-0.000296083,-0.00130709,0.0727547,0.000242269
2000,0.778009,0.203839,-0.00201925,-0.00306206,0.166791,0.00165224
2500,0.972511,0.312151,-0.00451486,-0.00698406,0.255417,0.00369427
3000,1.16701,0.43554,-0.00549609,-0.0117328,0.35638,0.00449716
3500,1.36152,0.551308,-0.00700084,-0.0147559,0.451106,0.00572841
4000,1.55602,0.584637,-0.00891806,-0.0134148,0.478377,0.00729717
4500,1.75052,0.878958,-0.00728359,-0.000771588,0.719205,0.00595977
5000,1.94502,1.27219,-0.000274317,0.00432719,1.04097,0.000224459
5500,2.13952,1.60458,-0.00092115,0.0075747,1.31294,0.000753728
6000,2.33403,2.02928,0.00317403,0.0125631,1.66045,-0.00259714
6500,2.52853,2.29709,0.00223187,0.00967444,1.87959,-0.00182622
7000,2.72303,2.39094,0.000210292,0.000659857,1.95638,-0.000172071
7500,2.91753,2.47806,0.00922409,-0.00832292,2.02766,-0.00754758
8000,3.11204,2.5335,0.00123338,-0.00645408,2.07303,-0.00100921
8500,3.30654,2.65534,0.00377285,0.00397143,2.17272,-0.00308713
9000,3.50104,2.81213,-0.00161056,0.00804889,2.30102,0.00131784
9500,3.69554,2.88632,-0.018056,-0.00858789,2.36172,0.0147743
10000,3.89004,2.84818,-0.00288378,0.00830563,2.33052,0.00235964
10500,4.08455,2.68911,-0.00272934,-0.00516319,2.20036,0.00223328
11000,4.27905,2.54419,0.00546857,0.00353519,2.08178,-0.00447464
11500,4.47355,2.3019,-0.00839053,-0.012824,1.88352,0.00686552
12000,4.66805,2.11737,0.00278909,0.00283341,1.73253,-0.00228217
12500,4.86256,2.00681,0.00585505,0.0297449,1.64207,-0.00479088
13000,5.05706,1.95035,-0.0120624,0.00206832,1.59587,0.00987006
13500,5.25156,1.94967,0.0199443,0.0231755,1.59531,-0.0163193
14000,5.44606,1.95481,0.0106456,0.00356389,1.59952,-0.00871072
14500,5.64056,1.92309,-0.0374639,-0.0210235,1.57356,0.0306547
15000,5.83507,1.92333,-0.104283,-0.0289393,1.57376,0.0853293
15500,6.02957,1.95344,0.109564,0.00377761,1.5984,-0.0896502
16000,6.22407,1.93775,0.0751146,0.039036,1.58556,-0.0614623
16500,6.41857,1.97228,-0.00108381,0.0280778,1.61382,0.000886824
17000,6.61308,1.98319,-0.0897452,0.0315291,1.62274,0.0734337
17500,6.80758,1.98802,0.0458912,0.0594978,1.6267,-0.0375504
18000,7.00208,2.01201,-0.077138,-0.0416558,1.64632,0.0631179
18500,7.19658,1.99248,0.0392196,-0.0688952,1.63034,-0.0320914
19000,7.39109,1.96995,0.10524,-0.0243265,1.61191,-0.0861124
19500,7.58559,1.97174,-0.025594,0.0377695,1.61337,0.0209422
20000,7.78009,1.9658,0.0327336,-0.0420905,1.60851,-0.0267842
20500,7.97459,1.92504,-0.0401044,-0.0737611,1.57516,0.0328153
21000,8.16909,1.94421,-0.0283997,0.000843865,1.59084,0.023238
21500,8.3636,1.99766,-0.0147468,-0.0817909,1.63458,0.0120665
22000,8.5581,1.96083,-0.0411134,0.0464476,1.60444,0.0336409
22500,8.7526,1.91538,0.00558675,-0.0213089,1.56726,-0.00457134
23000,8.9471,1.8922,0.0537914,-0.098798,1.54828,-0.0440147
23500,9.14161,1.95747,-0.0230405,-0.133026,1.60169,0.0188528
24000,9.33611,1.94883,0.0601119,0.0166569,1.59462,-0.0491864
24500,9.53061,1.90614,0.0259003,-0.0642635,1.55969,-0.0211929
25000,9.72511,2.02826,0.0258649,-0.0141231,1.65962,-0.0211639
25500,9.91961,2.009,-0.14107,-0.0200271,1.64386,0.11543
26000,10.1141,1.90519,0.0147837,0.0807584,1.55892,-0.0120967
26500,10.3086,1.91018,0.000461883,-0.0487246,1.563,-0.000377934
27000,10.5031,2.00456,-0.0135591,-0.0650656,1.64023,0.0110947
27500,10.6976,2.106,-0.122879,-0.0243077,1.72323,0.100546
28000,10.8921,1.91197,-0.0976252,0.0780946,1.56446,0.0798816
28500,11.0866,1.82887,-0.0884321,-0.126822,1.49647,0.0723593
29000,11.2811,2.09558,0.100812,-0.035791,1.7147,-0.0824892
29500,11.4756,2.30776,-0.068873,-0.0532805,1.88832,0.0563551
30000,11.6701,2.00136,-0.0723417,0.0882774,1.63761,0.0591934
30500,11.8646,1.70312,-0.0259844,-0.0793982,1.39358,0.0212616
31000,12.0591,2.07898,0.0882853,-0.130178,1.70112,-0.0722392
31500,12.2536,2.3709,-0.0900488,-0.0285142,1.93998,0.0736822
32000,12.4481,1.93237,-0.045864,0.017461,1.58116,0.037528
32500,12.6426,1.5154,-0.0902128,-0.0403185,1.23997,0.0738163
33000,12.8371,1.92308,0.136364,-0.168993,1.57356,-0.11158
33500,13.0316,2.33509,0.110684,-0.032792,1.91068,-0.090567
34000,13.2262,1.92352,-0.0646815,0.087355,1.57391,0.0529254
34500,13.4207,1.6091,0.00154113,0.00908133,1.31664,-0.00126102
35000,13.6152,1.83512,0.127997,-0.175039,1.50158,-0.104733
35500,13.8097,2.35002,0.0229021,-0.11923,1.9229,-0.0187396
36000,14.0042,2.08417,-0.061719,-0.00537235,1.70537,0.0505014
36500,14.1987,1.56694,-0.0401117,-0.0406168,1.28215,0.0328213
37000,14.3932,1.84461,0.0567751,-0.027223,1.50935,-0.0464561
37500,14.5877,2.27593,0.0254858,-0.0763044,1.86227,-0.0208537
38000,14.7822,2.14987,-0.0910223,-0.0477858,1.75912,0.0744788
38500,14.9767,1.62546,-0.0949773,-0.022316,1.33003,0.0777149
39000,15.1712,1.70909,0.0642944,-0.00818042,1.39845,-0.0526087
39500,15.3657,2.17056,0.0100733,-0.0988804,1.77605,-0.00824247
40000,15.5602,2.06999,-0.0607639,0.0922245,1.69377,0.0497199
40500,15.7547,1.8049,0.0635859,0.0345934,1.47685,-0.052029
41000,15.9492,1.79667,0.0803027,-0.186952,1.47012,-0.0657074
41500,16.1437,2.1651,0.0329613,-0.156113,1.77159,-0.0269705
42000,16.3382,2.13735,-0.0026961,0.0369361,1.74888,0.00220608
42500,16.5327,1.74321,-0.061004,-0.0540858,1.42638,0.0499163
43000,16.7272,1.73606,-0.0554626,-0.110207,1.42053,0.0453821
43500,16.9217,2.23785,0.0734991,-0.196772,1.83112,-0.0601404
44000,17.1162,2.24408,-0.135289,-0.00342119,1.83621,0.1107
44500,17.3107,1.81216,-0.0721591,0.0371426,1.48279,0.059044
45000,17.5052,1.73108,-0.0127458,-0.119246,1.41645,0.0104292
45500,17.6997,2.20612,0.019227,-0.0702062,1.80515,-0.0157324
46000,17.8942,2.29428,0.023585,-0.0128497,1.87729,-0.0192983
46500,18.0887,1.81479,0.118079,0.0165271,1.48495,-0.0966176
47000,18.2832,1.71401,0.0416018,0.00360994,1.40248,-0.0340406
47500,18.4777,2.15479,-0.0531469,-0.14865,1.76315,0.0434873
48000,18.6722,2.28971,-0.0453837,-0.107603,1.87355,0.0371351
48500,18.8667,1.90132,-0.0655473,-0.0434674,1.55575,0.0536339
49000,19.0612,1.7151,0.0819785,-0.287071,1.40337,-0.0670787
49500,19.2557,2.07253,0.0310685,-0.0762212,1.69584,-0.0254217
50000,19.4502,2.2996,-0.00308309,-0.0989005,1.88164,0.00252273
50500,19.6447,1.83595,-0.0352131,-0.0663566,1.50226,0.028813
51000,19.8392,1.60624,-0.019264,-0.127766,1.3143,0.0157627
51500,20.0337,1.98785,0.0230147,-0.115182,1.62655,-0.0188317
52000,20.2282,2.18812,-0.0977485,0.0173423,1.79042,0.0799825
52500,20.4227,1.85856,-0.0958296,0.0302704,1.52076,0.0784123
53000,20.6172,1.54177,-0.0295461,-0.111349,1.26155,0.024176
53500,20.8117,2.00758,0.0300306,-0.161491,1.64269,-0.0245724
54000,21.0062,2.28945,-0.183102,-0.0622262,1.87334,0.149823
54500,21.2007,1.94096,-0.0634895,0.0131714,1.58818,0.0519501
55000,21.3952,1.4994,-0.099108,-0.0853793,1.22688,0.0810949
55500,21.5897,1.9052,0.144707,-0.15489,1.55892,-0.118406
56000,21.7843,2.34095,-0.0705692,-0.0397987,1.91548,0.057743
56500,21.9788,2.07079,0.0244219,0.00844233,1.69442,-0.0199831
57000,22.1733,1.65546,0.0783106,-0.119429,1.35458,-0.0640774
57500,22.3678,1.88044,0.0207498,-0.179048,1.53866,-0.0169785
58000,22.5623,2.2422,0.0847702,-0.146002,1.83468,-0.069363
58500,22.7568,2.0322,0.00100412,0.010561,1.66284,-0.000821615
59000,22.9513,1.68929,-0.00223398,-0.110704,1.38225,0.00182795
59500,23.1458,1.78765,0.00824066,-0.0636041,1.46274,-0.0067429
60000,23.3403,2.3349,-0.0387703,-0.0505972,1.91052,0.0317237
60500,23.5348,2.19789,-0.0455107,-0.0697341,1.79842,0.037239
61000,23.7293,1.6324,-0.0793878,-0.0469364,1.33571,0.0649588
61500,23.9238,1.73119,0.0901612,-0.115213,1.41654,-0.0737741
62000,24.1183,2.19713,0.0677096,-0.209417,1.7978,-0.0554032
62500,24.3128,2.22551,-0.05675,-0.0895182,1.82102,0.0464355
# RESULT alpha_deg=0 CA=1.61324 CN=0.00691406 samples=51
